ID,name,email
12193353-6d8d-4e3e-b295-46974f871efd,name-12193353,email-12193353
84652036-d48f-46e8-a8f4-f4b18fd65461,name-8465203,email-8465203
84652044-96ac-417c-a679-8aa01d268177,name-8465204,email-8465204
8465205d-0ffb-4a6f-b649-76155d78f86f,name-8465205,email-8465205
84652060-3d89-4866-a8f8-38b6db6ff6c3,name-8465206,email-8465206
8465207d-4648-4d7b-aaec-355802fa3921,name-8465207,email-8465207
84652083-78e6-4bbd-ba5f-ad168e44da6e,name-8465208,email-8465208
84652095-0824-41e9-b3d1-8ec394379ca8,name-8465209,email-8465209
84652103-7604-4d5b-a4f2-4a81b1d5528b,name-8465210,email-8465210
84652115-80b3-48c9-ab41-653c57570548,name-8465211,email-8465211