ID;name;email
2d0e3277-5e9c-47a5-8cec-b9745e2a1399;name6660;email3198
eaccce6e-a46a-44b1-a8f6-11fb759061de;name2186;email6183
a4518fee-bb98-45ea-b8df-da25b62da61d;name8733;email1291
f11e4c5c-283d-4d45-8924-a2d26923ffa5;name1360;email8137
6acbe00c-aee0-4321-9836-0ded693f861c;name3811;email6497
f9e51c88-1005-4609-a975-05b7b683c4b6;name6509;email8781
0322dd36-a806-445f-9098-ba34c5bfff85;name1589;email2633
da321309-9e2f-4ebe-a3dc-d8fc89a8be75;name2860;email2768
f69809e6-7ce2-40d3-b9d0-6e44009109ec;name3926;email3923
78ba6f1c-1a59-492f-b791-6067df3a7617;name7559;email586
2af847c9-8ab5-4cbb-8dee-5c2aff499000;name1882;email4754
97be3b22-f074-4875-8ddc-4aa67fac69ee;name8753;email7406
9fe894d5-413d-4709-9be0-9a6da1b54d64;name7418;email5733
d69a2b71-e1c3-4034-9f24-43617cddc589;name2511;email3226
0c0096a1-5f8a-474e-a7c0-00d01a4a1cd6;name2496;email4263
e0d4c142-5ba1-453d-840d-86b3fe1253cc;name9725;email2559
1d00748c-195c-451e-8b66-ff6538108f49;name7707;email1921
2403ab86-c4c3-4e2d-9700-be7b6c01da92;name2519;email5163
84acedb6-a4b4-433e-b7de-c4798d975f8b;name8256;email4638
59844a01-99dd-4251-a29a-b10d4c8633f0;name1038;email8790
d857ff71-5120-4a7e-8d85-01893b90944f;name1002;email6623
e057d2b6-3d63-40b2-bd20-0a061229b51d;name6345;email7888
ec1c27a4-e6f1-4dd7-b01e-b2bbd0e4c44c;name5410;email5527
7c649876-2d3f-4b39-a52a-897c78eaa61f;name9970;email5177
31bc2992-67f5-4022-8ca0-2288780ff662;name4474;email9434
96052333-0abe-4a94-99d4-1c6aca50a698;name7511;email8154
24d3553d-5d17-4d25-a5a7-48fd4793bece;name4709;email8421
a335ccb4-8865-429d-9471-8fbe2e5ac26e;name2170;email4732
35168580-b345-4cc9-9cca-0409b55a5b30;name7831;email5322
1c3a5d76-31ec-4c66-90df-5eab224a58e5;name2103;email9046
89c98b84-292c-47f1-9a8e-7a772804480f;name5491;email9312
76d0e53b-4075-440a-88e6-d9e22f82e9ce;name9298;email874
10043e2e-3165-4a09-a61b-32f1182de3ca;name1801;email1448
ad935272-34e4-4665-89cf-b6b3f07ce296;name6334;email1650
9b925a58-d6ba-4f62-a3c6-1a67e46e3faa;name171;email4552
dcedf675-a15b-47f0-854d-fcf141677967;name4375;email3792
780c13bd-9edf-49f0-9665-a60f661dcfe3;name554;email7889
9551f673-a2ca-4e27-ae4e-f19c354fa2f4;name9849;email8403
5232d93a-eb95-4da4-ae03-b765add22dde;name6321;email4295
e382fa87-70c5-417c-bcb3-5567c60d5fe2;name5908;email7186
18ca7022-f36b-4a59-b7c1-33f137d90361;name5970;email1638
5f411aac-b44a-40a5-8675-7acc3f214aba;name9139;email7041